{
  "name": "Hierarchy",
  "levels": [
    {
      "name": "Level",
      "ordinal": 0,
      "column": "Column",
      "annotations": [
        {
          "name": "TabularEditor_TranslatedNames",
          "value": "{\"da-DK\":\"LevelDK\"}"
        },
        {
          "name": "TabularEditor_TranslatedDescriptions",
          "value": "{\"da-DK\":\"This is a level\"}"
        }
      ]
    }
  ],
  "annotations": [
    {
      "name": "TabularEditor_TranslatedNames",
      "value": "{\"da-DK\":\"HierarchyDK\"}"
    },
    {
      "name": "TabularEditor_TranslatedDisplayFolders",
      "value": "{\"da-DK\":\"Hierarchies\"}"
    },
    {
      "name": "TabularEditor_InPerspective",
      "value": "[\"Perspective\"]"
    }
  ]
}