{
  "name": "SemanticModel",
  "compatibilityLevel": 1500,
  "model": {
    "discourageImplicitMeasures": true,
    "annotations": [
      {
        "name": "TabularEditor_SerializeOptions",
        "value": "{\"IgnoreInferredObjects\":true,\"IgnoreInferredProperties\":true,\"IgnoreTimestamps\":true,\"SplitMultilineStrings\":true,\"PrefixFilenames\":false,\"LocalTranslations\":true,\"LocalPerspectives\":true,\"LocalRelationships\":true,\"Levels\":[\"Data Sources\",\"Roles\",\"Tables\",\"Tables/Calculation Items\",\"Tables/Columns\",\"Tables/Hierarchies\",\"Tables/Measures\",\"Tables/Partitions\"]}"
      },
      {
        "name": "TabularEditor_Cultures",
        "value": "[\"da-DK\"]"
      },
      {
        "name": "TabularEditor_Perspectives",
        "value": "[{\"Name\":\"Perspective\",\"Description\":\"\",\"Annotations\":{\"TabularEditor_TranslatedNames\":\"{\\\"da-DK\\\":\\\"PerspectiveDK\\\"}\",\"TabularEditor_TranslatedDescriptions\":\"{\\\"da-DK\\\":\\\"This is a perspective\\\"}\"}}]"
      }
    ]
  }
}