{
  "name": "SemanticModel",
  "compatibilityLevel": 1500,
  "model": {
    "annotations": [
      {
        "name": "TabularEditor_SerializeOptions",
        "value": "{\"IgnoreInferredObjects\":true,\"IgnoreInferredProperties\":true,\"IgnoreTimestamps\":true,\"SplitMultilineStrings\":true,\"PrefixFilenames\":false,\"LocalTranslations\":true,\"LocalPerspectives\":false,\"LocalRelationships\":true,\"Levels\":[\"Data Sources\",\"Perspectives\",\"Roles\",\"Tables\",\"Tables/Calculation Items\",\"Tables/Columns\",\"Tables/Hierarchies\",\"Tables/Measures\"]}"
      },
      {
        "name": "TabularEditor_Cultures",
        "value": "[]"
      }
    ]
  }
}